chr1:13225100-13247334,False
chr1:16535640-16676648,False
chr1:16712795-16729199,False
chr1:16759346-16855010,False
chr1:16861487-16877021,False
chr1:122911637-123026980,False
chr1:123658174-123809672,False
chr1:125162871-143281344,False
chr1:206051637-206058208,False
chr1:234775596-234800696,False
chr1:248435114-248501046,False
chr2:87825725-87878186,False
chr2:89581988-89790853,False
chr2:89795720-89814246,False
chr2:89817946-89869638,False
chr2:90378196-91477796,False
chr2:91527058-91653281,False
chr2:94188530-94270361,False
chr2:94507371-94516416,True
chr2:96054079-96070567,False
chr2:97193922-97286532,False
chr2:111413348-111429360,False
chr2:113564598-113596408,False
chr2:130560440-130650091,False
chr2:166640689-166644025,True
chr3:52028489-52031493,False
chr3:195692310-195710173,False
chr3:195965721-195979648,False
chr4:16227-69374,False
chr4:1800972-1803980,False
chr4:34682277-34687539,False
chr4:49091158-49166066,False
chr4:49215156-49260031,False
chr4:49631567-49719818,False
chr4:190106703-190121811,False
chr5:17712560-17716596,False
chr5:20830363-20834695,False
chr5:34174680-34202719,False
chr5:47297919-49668096,False
chr5:159922143-159925199,False
chr5:175919592-175943809,False
chr5:176034916-176048880,False
chr6:256229-383224,False
chr6:35786286-35798835,False
chr7:62385069-62408821,False
chr7:63516334-63529915,False
chr7:63563582-63580194,False
chr7:142345498-142352325,False
chr7:143845648-143857455,False
chr7:144198685-144273826,False
chr7:144319279-144375826,False
chr7:152259558-152281468,False
chr7:152283954-152291169,False
chr7:152375463-152395807,False
chr7:152402475-152415062,False
chr8:7351624-7395111,False
chr8:8140503-8204472,False
chr8:12123658-12161977,False
chr8:12530517-12598110,False
chr8:46614339-46625706,False
chr8:57205607-57215260,False
chr9:38912803-39094946,False
chr9:39097374-39174656,False
chr9:39446562-39594999,False
chr9:40850561-41112457,False
chr9:41208745-41235220,False
chr9:41251145-41352787,False
chr9:41361945-41577353,False
chr9:41784580-41940540,False
chr9:42233060-42293579,False
chr9:42331790-42341647,False
chr9:42355941-42434451,False
chr9:42438046-42453734,False
chr9:42465226-42478281,False
chr9:42483357-42498768,False
chr9:61318885-61406926,True
chr9:62444867-62580112,False
chr9:62799234-62885409,False
chr9:63782355-63795564,False
chr9:63816765-63830329,False
chr9:64936504-64996538,False
chr9:65648729-65735375,False
chr9:66100679-66203619,False
chr9:66779461-66832572,False
chr9:77153890-77162274,True
chr10:41842652-41895801,False
chr10:41898662-42104855,False
chr10:42158633-42166906,False
chr10:46514654-46525683,False
chr10:46526699-46542601,False
chr10:46552910-46556116,False
chr10:46926258-46954091,False
chr10:89035171-89042891,True
chr10:125889105-125897881,False
chr10:125903489-125912353,False
chr11:50117815-50165650,True
chr11:50343412-50425278,False
chr11:54929279-54937108,False
chr11:89744538-89777382,False
chr11:89796222-89815275,False
chr12:40157-61679,False
chr12:79761818-79768641,False
chr12:132507700-132512231,False
chr13:0-16029753,False
chr13:16112900-16168521,False
chr13:16175455-16204695,False
chr13:21371300-21375323,False
chr14:16097022-18278464,False
chr14:18656763-18674556,False
chr14:19161429-19182842,False
chr14:19666572-19696012,False
chr15:17025204-17036361,False
chr15:17060512-17082448,False
chr15:20187024-20230237,False
chr15:20250195-20259764,False
chr15:20262941-20287474,False
chr15:20290693-20319666,False
chr15:20349638-20372493,False
chr15:20383602-20421641,False
chr15:20649066-20665386,False
chr15:21266534-21270694,False
chr15:23173905-23209972,False
chr15:28452549-28514351,False
chr15:82459032-82497611,False
chr15:94342936-94346037,False
chr15:101945345-101980852,False
chr16:676344-679347,False
chr16:1499967-1502974,False
chr16:2501838-2505502,False
chr16:4824798-4828875,False
chr16:14894310-14959328,False
chr16:14961378-15030384,False
chr16:16632642-16636938,False
chr16:20482629-20488173,False
chr16:21489964-21584233,False
chr16:21763797-21795013,False
chr16:22452833-22699097,False
chr16:34505455-34598740,False
chr16:35227811-35297548,False
chr16:35298606-35344255,False
chr16:35345360-35375581,False
chr16:35376617-35388298,False
chr16:35389389-35465231,False
chr16:35466434-35500449,False
chr16:35501523-35505997,False
chr16:35507002-35523518,False
chr16:38280227-46402663,False
chr17:16753916-16814946,False
chr17:16817365-16821803,False
chr17:21294925-21298967,False
chr17:21302665-21310493,False
chr17:21401208-21413821,False
chr17:21421441-21429002,False
chr17:21658455-21677183,False
chr17:21687291-21693246,False
chr17:21722466-21732623,False
chr17:21793912-21826643,False
chr17:21985450-22043559,False
chr17:22122811-22126776,False
chr17:22128187-22151363,False
chr17:22152902-22157581,False
chr17:45573659-45585970,False
chr17:46086845-46293878,False
chr17:64897276-64923660,False
chr17:82006357-82009368,False
chr19:992170-995177,False
chr19:21570800-21574820,False
chr19:24329551-24415964,False
chr19:27345517-27380271,False
chr19:27382914-27398039,False
chr19:39877314-39894455,False
chr19:54221179-54232804,False
chr19:54234268-54239171,False
chr19:54773674-54787025,False
chr20:25764544-25823738,False
chr20:26219759-26225762,False
chr20:28506221-28569158,False
chr20:28607354-28630917,False
chr20:28781372-28792237,False
chr20:28887060-28902478,False
chr20:29050629-29058640,False
chr20:29078415-29096245,False
chr20:29118232-29124937,False
chr20:29328178-29337597,False
chr20:29497443-29517305,False
chr20:29867517-29888099,False
chr20:30761410-30840362,False
chr20:30999341-31076636,False
chr21:5216632-5246971,False
chr21:7218361-7327599,False
chr21:7819379-7970496,False
chr21:8697190-8782391,False
chr21:8989342-9031884,False
chr21:9616911-9660323,False
chr21:9720948-9804040,False
chr21:9838501-10063807,False
chr21:10080118-10144401,False
chr21:10325471-10492884,False
chr21:10513376-10520253,False
chr21:10524222-10609932,False
chr21:10722954-10727379,False
chr21:10784163-13036585,False
chr21:45348055-45351247,True
chr22:10707845-10723838,False
chr22:10727134-10784258,False
chr22:10925261-11068754,False
chr22:11271512-11376743,False
chr22:11547679-11697417,False
chr22:12188661-12207277,False
chr22:12347030-12521715,False
chr22:12571439-12691992,False
chr22:15613893-15643907,False
chr22:15691998-15795239,False
chr22:15818920-15886166,False
chr22:23710553-23720582,True
chr22:23998969-24008819,False
chr22:42130478-42143182,False
chrX:9403741-9414755,False
chrX:26792873-26803338,True
chrX:101800098-101811505,False
chrX:154548946-154567908,True
chrY:11292220-11296586,False
chrY:56822184-56881617,False
chrM:0-15976,False
chr1_KI270709v1_random:0-66271,False
chr1_KI270711v1_random:0-41176,False
chr1_KI270713v1_random:0-35323,False
chr4_GL000008v2_random:0-9864,False
chr9_KI270719v1_random:131388-174317,False
chr9_KI270720v1_random:0-10813,False
chr14_GL000009v2_random:38456-64414,False
chr14_GL000009v2_random:72639-152313,False
chr14_GL000225v1_random:2681-8517,False
chr14_GL000225v1_random:10383-63520,False
chr14_GL000225v1_random:72314-89072,False
chr14_GL000225v1_random:90914-102578,False
chr14_GL000225v1_random:105288-192087,False
chr14_KI270722v1_random:160122-170925,False
chr14_KI270722v1_random:172837-193086,False
chr14_GL000194v1_random:0-11238,False
chr14_KI270724v1_random:5169-20118,False
chr14_KI270724v1_random:26340-38773,False
chr17_GL000205v2_random:0-104012,False
chr17_KI270729v1_random:0-11798,False
chr17_KI270729v1_random:13543-27948,False
chr17_KI270730v1_random:81604-96066,False
chr17_KI270730v1_random:103356-109421,False
chr22_KI270732v1_random:0-39010,False
chr22_KI270733v1_random:89893-169995,False
chr22_KI270735v1_random:0-17275,False
chr22_KI270735v1_random:18901-42726,False
chr22_KI270736v1_random:156341-180535,False
chrUn_KI270442v1:9296-16902,False
chrUn_KI270442v1:33761-38355,False
chrUn_KI270442v1:49508-60159,False
chrUn_KI270442v1:61499-120779,False
chrUn_KI270442v1:129366-192334,False
chrUn_KI270442v1:198559-249578,False
chrUn_KI270442v1:371621-391394,False
chrUn_KI270435v1:0-17059,False
chrUn_KI270438v1:0-45967,False
chrUn_KI270438v1:98389-109724,False
chrUn_KI270519v1:19797-31266,False
chrUn_KI270519v1:76273-90296,False
chrUn_KI270519v1:113392-125173,False
chrUn_KI270519v1:128116-137418,False
chrUn_KI270511v1:0-7327,False
chrUn_KI270538v1:18382-59868,False
chrUn_GL000195v1:0-90221,False
chrUn_GL000195v1:119614-152433,False
chrUn_GL000219v1:82678-96036,False
chrUn_GL000219v1:168021-178676,False
chrUn_GL000220v1:16176-57277,False
chrUn_GL000224v1:0-57277,False
chrUn_KI270743v1:0-209810,False
chrUn_KI270744v1:104459-166336,False
chrUn_KI270746v1:18779-63243,False
chrUn_KI270749v1:0-26496,False
chrUn_KI270749v1:28564-67507,False
chrUn_KI270749v1:78113-123514,False
chrUn_KI270750v1:0-35428,False
chrUn_KI270750v1:56311-100533,False
chrUn_KI270751v1:0-150516,False
chrUn_KI270757v1:7036-70894,False
chrUn_KI270742v1:0-91088,False
chrUn_GL000216v2:0-7885,False
chrUn_GL000216v2:15472-39378,False
chrUn_GL000216v2:40826-46750,False
chrUn_GL000216v2:58316-158563,False
chrUn_GL000216v2:162965-175344,False
chrUn_GL000218v1:0-158672,False
