chr1:0-108310,False
chr1:2687567-2775580,False
chr1:4063760-4068014,False
chr1:4213367-4216706,False
chr1:13247334-13303551,False
chr1:25262749-25283921,False
chr1:25286876-25332499,False
chr1:34634792-34646451,False
chr1:41526301-41530463,False
chr1:53095270-53101458,False
chr1:55661422-55668745,False
chr1:59582277-59593625,False
chr1:72300792-72347957,False
chr1:73080798-73087156,False
chr1:73089557-73093027,False
chr1:78182721-78190324,False
chr1:93822739-93826037,False
chr1:104875694-104879813,False
chr1:108191513-108194627,False
chr1:109643449-109648907,False
chr1:109679838-109698273,False
chr1:115740114-115743682,False
chr1:115747056-115750136,False
chr1:119541167-119544608,False
chr1:120198771-120358430,False
chr1:121609012-122481585,False
chr1:143297474-143538526,False
chr1:143771266-143832279,False
chr1:143967047-144078183,False
chr1:146057815-146317983,False
chr1:149202430-149308485,False
chr1:149729128-149752109,False
chr1:152583428-152615654,False
chr1:152787400-152799431,False
chr1:158212976-158227627,False
chr1:158897336-158900680,False
chr1:158990692-158997020,False
chr1:180780407-180786601,False
chr1:181425237-181428337,False
chr1:187746365-187754049,False
chr1:188565291-188572042,False
chr1:188701901-188704930,False
chr1:189735477-189814568,False
chr1:190020866-190023976,False
chr1:194414782-194419877,False
chr1:194480363-194485809,False
chr1:207368409-207372560,False
chr1:214458743-214462658,False
chr1:222200341-222207375,False
chr1:228067590-228071965,False
chr1:229676689-229684867,False
chr1:230392612-230397201,False
chr1:236537487-236540679,False
chr1:242650769-242656252,False
chr1:246237264-246244156,False
chr1:248526786-248656535,False
chr2:629983-633045,False
chr2:1148026-1151741,False
chr2:1154125-1157187,False
chr2:1521712-1538261,False
chr2:1567218-1571431,False
chr2:2720054-2723466,False
chr2:3685716-3690652,False
chr2:4164887-4176787,False
chr2:10011466-10016296,False
chr2:14564607-14569832,False
chr2:16143124-16149415,False
chr2:32999352-33002570,False
chr2:34470581-34511409,False
chr2:35748192-35773408,False
chr2:52522112-52558101,False
chr2:59396235-59403800,False
chr2:68448269-68453197,False
chr2:70822774-70829043,False
chr2:76545751-76548947,False
chr2:78849509-78854920,False
chr2:87404055-87429864,False
chr2:87522654-87539572,False
chr2:88832444-89030507,False
chr2:89048693-89296572,False
chr2:90148463-90167816,False
chr2:90211958-90221247,False
chr2:97427512-97548915,False
chr2:97604407-97626949,False
chr2:101436565-101440431,False
chr2:109073174-109079350,False
chr2:113485361-113504321,False
chr2:121039253-121042799,False
chr2:122719593-122725009,False
chr2:125685690-125694294,False
chr2:126916388-126920513,False
chr2:128880541-128888777,False
chr2:129484251-129494544,False
chr2:130054948-130114006,False
chr2:130460461-130560440,False
chr2:131536487-131545182,False
chr2:146104565-146119548,False
chr2:150175147-150181437,False
chr2:154962837-154973458,True
chr2:166693176-166697798,False
chr2:176401284-176408132,False
chr2:179202461-179214269,False
chr2:183220376-183226192,False
chr2:193824659-193834108,False
chr2:203316255-203326288,False
chr2:207486041-207494272,False
chr2:219186994-219192427,False
chr2:231822583-231849933,False
chr3:187337-192980,False
chr3:6608167-6613441,False
chr3:11066605-11071143,False
chr3:21948578-21953251,False
chr3:22671722-22675427,False
chr3:30762285-30765575,False
chr3:32060640-32066125,False
chr3:65203605-65229253,False
chr3:68583143-68590831,False
chr3:68690641-68698668,False
chr3:75519324-75552831,False
chr3:84460623-84465118,False
chr3:90668463-91191754,False
chr3:91554530-92953163,False
chr3:95439211-95443417,False
chr3:98691868-98695832,False
chr3:99179836-99184592,False
chr3:99224943-99231742,False
chr3:125766849-125777516,False
chr3:130043330-130088372,False
chr3:130152944-130170193,False
chr3:131989691-131994882,False
chr3:133413734-133418458,False
chr3:136302180-136306849,False
chr3:145332173-145336337,False
chr3:146666923-146674803,False
chr3:162794770-162908148,False
chr3:162999057-163006874,False
chr3:163046708-163051155,False
chr3:177576353-177579658,True
chr3:190019429-190022539,False
chr3:193157112-193167574,False
chr3:195477864-195501343,False
chr3:197208116-197212702,False
chr4:127461-133942,False
chr4:4119029-4150489,False
chr4:6291482-6294501,False
chr4:9155745-9369075,False
chr4:9455232-9481509,False
chr4:10208860-10233451,False
chr4:10391351-10399731,False
chr4:10722743-10727511,False
chr4:31815083-31833556,False
chr4:32406290-32412156,False
chr4:33319869-33323055,False
chr4:34777816-34828414,False
chr4:36865825-36868912,False
chr4:43449581-43453748,False
chr4:44493825-44503380,False
chr4:45022693-45027514,False
chr4:50780966-51107214,False
chr4:51334335-51803220,False
chr4:55162659-55172131,False
chr4:57700906-57706007,False
chr4:60412672-60420498,False
chr4:60463716-60468971,False
chr4:61072471-61076197,False
chr4:64557058-64560293,False
chr4:68507307-68626116,False
chr4:68726602-68733424,False
chr4:68993264-68997333,False
chr4:69257802-69365943,False
chr4:79009933-79014829,False
chr4:86054873-86059148,False
chr4:91009891-91014298,False
chr4:106682996-106688548,False
chr4:115245668-115256333,False
chr4:115469245-115472595,False
chr4:119408147-119439023,False
chr4:132614953-132620625,False
chr4:143733897-143740494,False
chr4:143751995-143759562,False
chr4:143883810-143904414,False
chr4:160119558-160157437,False
chr4:160958039-160964218,False
chr4:161034435-161037665,False
chr4:161092731-161095822,False
chr4:162472584-162475757,False
chr4:162573312-162576488,False
chr4:167615207-167618950,False
chr4:172065505-172071851,False
chr4:172503229-172512234,False
chr4:180639006-180642429,False
chr4:180895707-180900016,False
chr4:181539613-181542788,True
chr4:185519950-185523164,False
chr4:186172498-186176128,False
chr4:188201154-188204657,False
chr4:189183663-189187459,False
chr4:189379644-189384192,False
chr4:190038534-190065394,False
chr5:686566-697609,False
chr5:851772-856279,False
chr5:1041483-1049435,False
chr5:1178246-1181294,False
chr5:1617586-1623596,False
chr5:1882412-1885451,True
chr5:9988790-9997190,False
chr5:12810964-12820927,False
chr5:26223865-26229856,False
chr5:26795797-26801616,False
chr5:29198352-29201378,False
chr5:34427030-34435813,False
chr5:46270079-46275979,False
chr5:46402739-46413963,False
chr5:46531611-47087973,False
chr5:47145108-47297919,False
chr5:49668096-49739469,False
chr5:49754406-49961490,False
chr5:49978216-50031480,False
chr5:52057607-52063124,False
chr5:58026152-58038774,False
chr5:64402391-64405541,False
chr5:71014123-71139953,False
chr5:78812667-78816396,False
chr5:84652776-84659678,False
chr5:91203922-91207462,False
chr5:101241530-101244693,False
chr5:104683934-104687968,False
chr5:105095630-105167989,True
chr5:115651369-115656896,False
chr5:118051129-118058588,False
chr5:118537902-118545206,False
chr5:120043866-120050549,False
chr5:135779687-135785305,False
chr5:137517086-137521016,False
chr5:138472212-138480270,False
chr5:145739770-145743754,False
chr5:177764286-177820612,False
chr5:177903530-177929700,False
chr5:178682364-178688256,False
chr6:11479587-11483108,False
chr6:23741693-23746500,False
chr6:26744934-26798319,False
chr6:29826524-29831376,False
chr6:29854130-29857743,False
chr6:29873225-29881845,False
chr6:29909537-29912964,False
chr6:29914063-29917698,False
chr6:29926057-29931274,False
chr6:31252181-31270197,False
chr6:31272690-31277632,False
chr6:31307886-31312193,False
chr6:31319730-31334711,False
chr6:31342025-31349841,False
chr6:31367559-31384584,False
chr6:32255017-32263103,False
chr6:32475918-32482273,False
chr6:32483561-32593833,False
chr6:32597392-32616997,False
chr6:32618489-32668830,False
chr6:32717855-32735370,False
chr6:33063330-33067752,False
chr6:33970060-33975617,False
chr6:48963471-48970897,False
chr6:54064062-54070541,False
chr6:55961941-55982284,False
chr6:57800215-57818076,False
chr6:59108466-59616537,False
chr6:60656028-60660366,False
chr6:65690699-65694969,False
chr6:66298691-66339850,False
chr6:72153814-72165010,False
chr6:73206738-73211023,False
chr6:73898896-73901953,False
chr6:73903090-73911630,False
chr6:74078853-74087193,False
chr6:76387326-76391622,False
chr6:78257722-78326304,False
chr6:85203411-85219569,False
chr6:101486674-101491792,False
chr6:101908282-101912449,False
chr6:103289086-103314559,False
chr6:131792631-131797555,False
chr6:132054168-132057615,True
chr6:132385203-132391469,False
chr6:162571952-162575055,False
chr6:165310512-165319360,False
chr6:169806419-169810124,False
chr6:170613434-170739138,False
chr7:1816693-1823698,True
chr7:11973590-11978440,False
chr7:12982588-12988694,False
chr7:19578682-19582738,False
chr7:26097204-26106369,False
chr7:31275345-31280392,False
chr7:38349891-38359635,False
chr7:51526381-51531202,False
chr7:53142348-53147201,False
chr7:56693546-56702118,False
chr7:56741858-56758133,False
chr7:56993928-57048750,False
chr7:61112879-61293762,False
chr7:61967634-62127279,False
chr7:62360071-62380118,False
chr7:65225835-65230281,False
chr7:67115880-67123198,False
chr7:67170215-67181655,False
chr7:67229003-67236784,False
chr7:70955185-70961466,False
chr7:75157741-75416482,False
chr7:90180500-90184657,False
chr7:96913907-96917593,False
chr7:97764495-97773709,False
chr7:110542242-110548519,False
chr7:126405357-126411380,False
chr7:142066050-142094582,False
chr7:148374864-148379678,False
chr7:150033096-150042542,False
chr7:156594399-156602162,False
chr8:0-202709,False
chr8:644670-649805,False
chr8:1233047-1241787,False
chr8:3280466-3283852,False
chr8:3669437-3672973,False
chr8:3700397-3703719,False
chr8:3709044-3714264,False
chr8:4053469-4062396,False
chr8:4115889-4121075,False
chr8:4264959-4267979,False
chr8:4301790-4307095,False
chr8:4529563-4533637,False
chr8:5292804-5296097,False
chr8:7190310-7270040,False
chr8:7547406-7686413,False
chr8:7917267-8023316,False
chr8:8038927-8140503,False
chr8:9875274-9883411,False
chr8:11454717-11457943,False
chr8:12037185-12115967,False
chr8:12324369-12417475,False
chr8:12449806-12514022,False
chr8:13934285-13943740,False
chr8:14288964-14292286,False
chr8:14411619-14414650,False
chr8:15206493-15210807,False
chr8:15870819-15874096,False
chr8:18481966-18485424,False
chr8:25115015-25133903,False
chr8:25209640-25213571,False
chr8:32821726-32833648,False
chr8:39374826-39530357,False
chr8:40027371-40033327,True
chr8:40916302-40921955,False
chr8:42332483-42337577,False
chr8:45082315-45957330,False
chr8:51110689-51113782,False
chr8:74450515-74455229,False
chr8:93059810-93064366,False
chr8:95862731-95867649,False
chr8:111122675-111125900,False
chr8:111281436-111285105,False
chr8:119141220-119148623,False
chr8:120917454-120921643,False
chr8:127610509-127614878,False
chr8:136147344-136152605,False
chr8:143617740-143632815,False
chr8:144020242-144025573,False
chr9:129690-159559,False
chr9:186575-203164,False
chr9:650880-654148,True
chr9:6938539-6942364,False
chr9:6987974-6992543,False
chr9:22495744-22509156,False
chr9:23362696-23377322,False
chr9:28882672-28886422,False
chr9:29092897-29098302,False
chr9:39174656-39340993,False
chr9:39613547-39799001,False
chr9:40354898-40544258,False
chr9:42185763-42204708,False
chr9:42535586-42729167,False
chr9:42878739-42904425,False
chr9:43401705-60518705,False
chr9:60547482-60741005,False
chr9:60768521-60999937,False
chr9:61734166-61979940,False
chr9:62615068-62724100,False
chr9:62949346-63294543,False
chr9:63372408-63550080,False
chr9:64560111-64781330,False
chr9:65076687-65378464,False
chr9:66980265-67047267,False
chr9:67097561-67138130,False
chr9:67612431-67744260,False
chr9:67838641-68247251,False
chr9:69123257-69129135,False
chr9:98546423-98549707,False
chr9:101952650-101962357,False
chr9:130268288-130271945,False
chr9:135322624-135325773,False
chr10:8917831-8921560,False
chr10:26055125-26059327,False
chr10:26060895-26067468,False
chr10:26070514-26074303,False
chr10:30958060-30963112,False
chr10:38836585-38905877,False
chr10:39256779-39267556,False
chr10:39341320-39361608,False
chr10:39565018-39940406,False
chr10:42203274-42218386,False
chr10:46563755-46716593,False
chr10:46772577-46884953,False
chr10:47871473-48173980,False
chr10:50148210-50153560,False
chr10:51444093-51454077,False
chr10:52799286-52804438,False
chr10:55144877-55149107,False
chr10:57207183-57210543,False
chr10:60344645-60347714,False
chr10:69521659-69531315,False
chr10:70686213-70692039,False
chr10:76495298-76501811,False
chr10:79707755-79746059,False
chr10:90948547-90957762,False
chr10:98926593-98943454,False
chr10:112351727-112357542,False
chr10:114304343-114307651,False
chr10:120466419-120470213,False
chr10:130382140-130385229,False
chr10:130838054-130841669,False
chr10:131110558-131114582,False
chr10:133134677-133141218,False
chr10:133336728-133339770,False
chr11:3248962-3338522,False
chr11:3491352-3513087,False
chr11:4220033-4313726,False
chr11:4946416-4954876,False
chr11:6098399-6101750,False
chr11:24480309-24483408,False
chr11:25718023-25731823,False
chr11:26543999-26547157,False
chr11:28867558-28870583,False
chr11:28985045-28991798,False
chr11:31372570-31375712,False
chr11:42687974-42697171,False
chr11:46119502-46123647,False
chr11:47036340-47041979,False
chr11:51098142-51460855,False
chr11:52902481-53251324,False
chr11:53566097-54091530,False
chr11:54272895-54541423,False
chr11:54755336-54777864,False
chr11:55595290-55664231,False
chr11:55667392-55676020,False
chr11:55678251-55685480,False
chr11:57458895-57461922,False
chr11:70117512-70122726,False
chr11:82145326-82152065,False
chr11:90030675-90098631,False
chr11:96562401-96567387,False
chr11:100952091-100955302,False
chr11:103657272-103661378,False
chr11:104396385-104403259,False
chr11:134732398-134737139,False
chr12:183800-187447,True
chr12:268563-276065,True
chr12:8294268-8311439,False
chr12:8400847-8444824,False
chr12:9479806-9580479,False
chr12:11069427-11082965,False
chr12:11083992-11097732,False
chr12:11351427-11394304,False
chr12:15455622-15459061,False
chr12:20018378-20022239,False
chr12:21620595-21629322,False
chr12:31116673-31122905,False
chr12:36624808-37240835,False
chr12:37616206-37624439,False
chr12:45509432-45515815,False
chr12:84198552-84202799,False
chr12:90091700-90098379,False
chr12:99400156-99408414,False
chr12:99894573-99897748,False
chr12:101708334-101713274,False
chr12:105774031-105783227,False
chr12:131440480-131444319,False
chr12:132222483-132226768,False
chr13:16029753-16072131,False
chr13:17394062-17568472,False
chr13:17661189-18050539,False
chr13:18206856-18328823,False
chr13:18333453-18448876,False
chr13:21321545-21325266,False
chr13:22018891-22024171,False
chr13:23057576-23063002,False
chr13:38483651-38486849,False
chr13:50495100-50500945,False
chr13:59438056-59442257,False
chr13:66600219-66603584,False
chr13:69194736-69198355,False
chr13:71902473-71906790,False
chr13:72233251-72238869,False
chr13:81782336-81785460,False
chr13:82591841-82598556,False
chr13:90287999-90293361,False
chr13:105996831-106000873,False
chr13:107892459-107898679,False
chr14:19015554-19098913,False
chr14:19205751-19287814,False
chr14:20082328-20087947,False
chr14:23982051-24005797,False
chr14:24472566-24476427,False
chr14:40140062-40149100,False
chr14:73530660-73560076,False
chr14:73773262-73779471,False
chr14:79639871-79648423,False
chr14:82031983-82037462,False
chr14:95618922-95621983,False
chr14:100165724-100169442,False
chr14:104857811-104862710,False
chr14:104943812-104952916,False
chr14:105708952-105859583,False
chr14:105864315-106233855,False
chr14:106327500-106365020,False
chr14:106713572-106763514,False
chr15:17108594-18342507,False
chr15:18468546-19034375,False
chr15:20374787-20383602,False
chr15:20427845-20642306,False
chr15:20734308-21248358,False
chr15:21280938-21421238,False
chr15:21480069-22206605,False
chr15:30272284-30409933,False
chr15:32290445-32503435,False
chr15:32525688-32593559,False
chr15:61321689-61324958,False
chr15:71415690-71421327,False
chr15:76592444-76609440,False
chr15:77037785-77041140,False
chr15:97264140-97273396,False
chr16:7064803-7068213,False
chr16:7211747-7214900,False
chr16:10119360-10122641,False
chr16:16421344-16469337,False
chr16:18289474-18526938,False
chr16:19934649-19955060,False
chr16:20522204-20541175,False
chr16:25329121-25332610,False
chr16:55766710-55772678,False
chr16:57690979-57694312,False
chr16:62510177-62516840,False
chr16:76505006-76510859,False
chr16:82123285-82127355,False
chr16:82220354-82224207,False
chr16:84429505-84433944,False
chr16:88517135-88521855,False
chr17:0-137703,False
chr17:343273-346811,False
chr17:575795-580070,False
chr17:18438920-18486057,False
chr17:18495728-18560681,False
chr17:21885463-21933017,False
chr17:21939744-21960990,False
chr17:21962653-21967378,False
chr17:22744379-25236819,False
chr17:25395026-25854211,False
chr17:26261791-26632597,False
chr17:36168955-36347880,False
chr17:37962467-38250263,False
chr17:41265870-41276618,False
chr17:43252477-43301576,False
chr17:46293878-46481775,False
chr17:52256595-52259908,False
chr17:53776259-53784164,False
chr18:6727121-6730195,False
chr18:15072630-15080682,False
chr18:15085109-15096746,False
chr18:15101509-15125934,False
chr18:17651716-18750235,False
chr18:19622671-20209050,False
chr18:20578826-20799561,False
chr18:32915395-32921570,True
chr18:40680132-40686546,False
chr18:41283899-41288771,False
chr18:50168112-50172404,False
chr18:66056380-66064763,False
chr18:66099343-66102664,False
chr18:72302696-72306772,False
chr18:72771126-72774397,False
chr18:76037975-76043374,False
chr18:78902522-78906666,False
chr19:3476986-3480324,False
chr19:7034656-7063372,False
chr19:12583410-12588611,False
chr19:14935110-14939212,False
chr19:15673477-15679339,False
chr19:20413353-20536125,False
chr19:20569619-20579827,False
chr19:20948447-20955299,False
chr19:21640479-21651398,False
chr19:23465805-23469631,False
chr19:23708880-23714245,False
chr19:23877620-23882519,False
chr19:28281848-28286412,False
chr19:28883801-28887239,False
chr19:29511358-29515148,False
chr19:35169874-35175379,False
chr19:36349784-36356808,False
chr19:40878232-40886763,False
chr19:46119612-46125451,False
chr19:50692586-50695659,False
chr19:50978577-50982238,False
chr19:51630605-51647014,False
chr19:51674369-51678155,False
chr19:54086848-54092163,False
chr19:54832542-54844987,False
chr20:1580345-1612927,False
chr20:27215708-28019168,False
chr20:29909425-30001090,False
chr20:30027376-30139508,False
chr20:31194486-31225619,False
chr20:54030890-54041447,False
chr21:0-5096609,False
chr21:5252499-6092878,False
chr21:6561632-7218361,False
chr21:8259300-8672974,False
chr21:9041761-9158289,False
chr21:9676931-9720948,False
chr21:13584072-13766963,False
chr21:13893598-13902332,False
chr21:19174308-19177611,False
chr21:20447787-20451211,False
chr21:27362893-27366211,False
chr21:41929969-41933710,False
chr21:43036338-43187752,False
chr21:43405648-43572110,False
chr21:44095026-44199556,False
chr22:0-10681156,False
chr22:10689078-10707845,False
chr22:11434876-11547679,False
chr22:11697417-11822819,False
chr22:11832730-11923107,False
chr22:12069306-12188661,False
chr22:12777965-15296726,False
chr22:16558806-16568266,False
chr22:18388055-18520906,False
chr22:18537044-18587157,False
chr22:18626782-18778999,False
chr22:20595253-20600593,False
chr22:21156645-21380660,False
chr22:21460236-21527955,False
chr22:22031685-22904723,False
chr22:23931334-23948583,False
chr22:23980960-23993681,False
chr22:36746703-36751558,False
chr22:38894479-38898231,False
chr22:39099386-39103490,False
chr22:50336388-50340167,False
chrX:42251-253253,False
chrX:1404369-1411740,False
chrX:1415317-1418694,False
chrX:1422065-1425634,False
chrX:5136922-5140117,False
chrX:30789421-30792916,False
chrX:34415125-34427646,False
chrX:57696530-57700331,False
chrX:58480001-58506340,False
chrX:60592164-62356748,False
chrX:67902945-67910408,False
chrX:70065161-70068190,False
chrX:79665630-79670612,False
chrX:79838441-79849896,False
chrX:82726178-82733154,False
chrX:108772943-108776320,False
chrX:115720489-115738756,False
chrX:127463590-127468215,False
chrX:129365591-129369196,False
chrX:143652871-143659492,False
chrX:144152653-144209071,False
chrX:145339683-145343371,False
chrX:151911963-151920358,False
chrX:155560310-155574458,False
chrY:0-11110524,False
chrY:11118673-11292220,False
chrY:11296586-11310808,False
chrY:11313695-11324866,False
chrY:11329915-56728925,False
chr9_KI270719v1_random:67670-131388,False
chr11_KI270721v1_random:0-100212,False
chr14_KI270722v1_random:22877-68057,False
chr14_KI270722v1_random:73147-160122,False
chr14_KI270725v1_random:114787-141278,False
chr14_KI270726v1_random:0-41959,False
chr15_KI270727v1_random:0-77915,False
chr15_KI270727v1_random:102048-379817,False
chr17_GL000205v2_random:149348-162497,False
chr17_KI270729v1_random:143544-152724,False
chr17_KI270729v1_random:199188-271938,False
chr22_KI270733v1_random:39440-89893,False
chr22_KI270736v1_random:0-73855,False
chr22_KI270736v1_random:75229-102149,False
chr22_KI270736v1_random:103601-119216,False
chr22_KI270736v1_random:120455-137455,False
chr22_KI270736v1_random:138842-154927,False
chr22_KI270737v1_random:0-87922,False
chr22_KI270738v1_random:43223-60381,False
chrY_KI270740v1_random:0-23485,False
chrUn_GL000219v1:0-44773,False
chrUn_GL000219v1:147890-154015,False
chrUn_GL000220v1:57277-98816,False
chrUn_KI270741v1:0-110956,False
chrUn_GL000213v1:0-156514,False
chrUn_KI270746v1:6148-18779,False
chrUn_KI270752v1:0-27071,False
